12,88046899,G,C
4,3074932,A,C
4,3074938,A,C
4,3074935,A,C
3,151443327,C,T
4,88851170,C,T
14,24408683,A,C
14,24409104,G,A
14,24409464,A,C
1,156581456,G,A
17,18261161,G,A
X,137030732,C,T
14,24414712,A,G
17,80090376,A,G
1,16966480,G,A
14,104951033,C,G
2,202202454,T,C
11,1240959,C,T
1,110674516,C,G
7,2544926,C,T
16,53695371,C,A
11,1245963,C,G
14,104954140,C,A
22,24186112,C,T
11,62520510,A,G
5,59586334,C,A
22,15528427,C,T
11,130159991,T,A
11,1244762,C,T
16,70664191,G,A
14,23119058,G,A
1,161074730,C,T
15,45403247,C,G
21,26933005,C,T
16,23215155,G,A
17,44904799,A,G
20,25295668,C,T
11,62524531,G,A
17,40750955,G,T
14,104945871,C,G
7,48410588,C,G
14,91621742,C,T
11,1232461,C,T
17,81813496,G,A
13,94382508,C,T
5,1212375,C,T
7,101210381,C,T
19,49596283,C,T
2,218362876,G,A
2,219490608,A,T
2,21003040,C,A
5,132331835,T,A
9,132327421,T,C
9,132329470,T,C
16,88721819,C,T
8,60853210,T,C
1,110674170,G,A
X,80685480,T,G
8,60853144,C,T
9,132349336,T,G
2,140233310,T,C
X,119469901,G,A
12,132509421,G,A
2,227248455,A,G
X,83508670,G,T
2,5693411,C,A
11,298550,T,C
2,240719900,G,C
20,62314430,T,C
1,10976227,G,A
17,17795836,G,A
21,46002396,A,G
5,180603382,C,T
17,17797120,T,C
21,46002612,C,T
11,47355543,C,T
15,48412701,C,G
8,60853200,T,C
7,21543325,T,G
18,7033079,G,C
9,132328265,C,G
16,88723915,C,A
16,88737947,C,T
10,79277251,C,G
19,18156079,G,A
9,132326748,G,A
X,29955738,A,C
11,47355543,C,G
9,132330048,A,C
17,60663191,T,C
7,21816524,A,G
11,116821862,G,C
2,5693157,G,A
17,72121592,C,G
2,31580708,C,T
9,132326779,T,C
15,26772943,C,T
7,21588621,C,T
7,21559688,A,G
16,88726933,C,A
X,80681430,G,A
17,17797501,C,A
12,120158468,C,G
17,18152112,G,T
1,152313096,C,A
8,60860964,A,G
20,40688246,C,T
X,20266580,G,C
7,21655968,A,T
19,10547235,G,A
9,98708561,C,A
2,5693462,C,G
17,49994784,T,C
2,21009249,C,T
19,10548952,C,A
17,17795961,C,T
X,64191191,C,T
7,48350690,C,T
X,80681367,C,T
5,128291604,T,A
X,74524688,G,A
17,50186856,A,G
6,131951108,C,G
5,61494361,A,C
22,41209711,G,A
9,132331125,G,A
12,89591132,G,A
4,128942997,T,C
X,154904857,T,C
11,116822738,C,T
X,80703501,A,T
17,62029617,C,T
11,46879212,C,A
16,88715735,T,C
12,96521869,C,T
X,83508765,C,G
8,60853109,T,G
X,54450284,T,G
21,33579411,T,C
21,46003763,A,G
3,147413385,C,T
12,96519007,G,A
2,202556322,G,A
16,88727078,C,G
17,1777366,C,G
1,173756015,G,C
7,21619136,G,C
1,21846108,C,T
7,21619159,C,A
2,108763310,C,T
1,89713738,G,C
7,21615219,C,G
10,79292280,C,T
17,56594260,G,A
19,2250375,C,T
6,44313145,G,T
21,45986621,C,T
X,8570690,G,T
10,79298439,C,T
X,101412611,G,T
3,181712834,C,G
12,96519066,G,A
21,46003708,C,T
7,21704542,C,G
16,2172280,C,T
7,21558944,C,A
16,2176322,G,A
3,179234350,C,T
21,45984277,G,A
3,136194995,T,C
17,50191872,G,T
2,31533665,T,C
20,10647001,T,C
7,107698088,A,C
17,61984841,T,C
17,10392643,G,A
2,21010413,G,A
12,96651600,C,T
2,21011349,T,C
6,131884994,A,G
X,67723690,C,A
1,26951628,G,C
2,178748793,G,A
7,21867924,C,A
7,21704447,C,T
6,89387467,G,A
1,244053818,A,G
X,8535760,A,G
1,26057226,A,G
5,61538924,A,T
3,147410950,G,A
5,61531627,G,C
1,228145543,G,A
17,61984853,A,C
15,68289735,G,A
2,31526218,G,T
7,100646552,G,C
12,52490615,A,G
16,2175567,G,A
10,110584218,A,G
4,186286496,A,G
2,31533737,C,T
22,32859271,A,G
8,67228015,A,C
3,129533705,T,G
7,107710080,T,C
2,6849959,T,C
2,31529431,C,T
5,138393368,C,T
1,226071394,A,T
6,89387509,G,A
5,146340019,C,A
3,179234260,G,A
16,88738594,A,G
1,212858834,T,A
2,31529418,C,T
1,94001931,G,C
X,18642141,A,G
18,13884843,C,T
12,14622070,C,T
17,63945608,G,C
6,3225245,G,C
11,64297221,G,A
17,72122799,A,T
15,48487396,C,A
10,71791322,G,T
7,107710092,G,T
7,107694418,T,C
10,47325776,T,C
11,69774829,G,A
6,49444645,C,G
3,181712506,T,C
15,48427756,A,C
6,3225571,G,C
X,18647242,C,G
4,6594601,T,A
12,4912319,T,A
6,42704455,C,A
1,212888571,G,A
X,18644524,T,G
22,32859286,A,G
8,142912021,G,A
15,48437899,C,T
7,107689192,G,A
X,18644528,A,G
11,17387956,G,A
11,61951880,G,T
7,21571861,G,A
15,48463982,C,T
6,131950390,C,T
2,196766683,C,T
11,59841177,A,G
2,196766684,G,A
7,76330196,C,T
3,129062005,G,A
4,186205239,T,G
1,212888509,T,G
19,3983182,C,T
15,96332473,T,A
6,18122509,A,G
17,41612309,C,T
X,83509300,T,A
1,94021403,A,G
2,227310867,G,A
15,48437068,T,A
10,80275093,C,A
2,73950634,G,A
8,19955923,T,G
20,3084598,G,A
17,8015029,T,C
11,68429695,G,T
15,48613056,A,C
17,18136684,G,C
X,154931611,C,A
21,45989635,G,A
11,89227910,C,T
15,48437369,C,A
8,19954238,C,G
3,129532727,C,A
13,113149197,C,T
17,44381043,G,A
20,7914216,C,A
11,61959536,T,G
13,26382824,A,G
7,94405244,G,C
1,173903962,A,G
1,68446776,A,G
X,154947820,T,G
6,3154915,C,T
6,3224983,C,A
5,78780649,C,A
11,61951856,T,C
5,146340403,A,G
7,94409600,G,C
2,3550440,A,G
1,94001967,A,C
7,94416433,G,T
7,107683519,T,A
13,23250652,C,T
8,142741175,A,T
X,154966682,T,C
12,52516677,T,A
1,22120234,G,C
15,48437048,A,C
X,18656661,C,G
17,8014000,G,C
7,107689153,G,C
15,48436967,A,G
2,5692889,C,A
5,173232975,C,T
17,56594774,G,C
15,48415689,C,A
7,94426441,G,A
X,18647311,A,G
X,154965992,C,T
17,50199272,C,T
1,68429799,G,A
15,48487428,T,A
5,150120998,C,A
11,61959538,A,G
11,89178068,T,C
X,154903911,T,C
17,50194792,C,T
15,48446809,A,C
15,48505101,G,C
7,94407847,G,C
6,49435473,C,T
7,94408797,G,A
15,48481727,T,G
15,48495514,A,T
15,48467955,C,T
X,154961138,A,G
7,94413718,G,A
17,50188601,C,A
7,94426469,G,A
15,48487145,G,T
17,50194384,C,T
7,94408806,G,A
15,48437833,C,T
7,94429290,T,A
15,48432911,A,T
7,94409741,G,A
15,48437066,A,G
17,50195441,C,G
7,94410466,G,T
7,94423038,G,A
17,50192656,C,G
11,68403546,G,A
17,50190587,C,G
15,48487405,A,C
17,50197992,C,T
X,18647231,A,C
7,94425217,G,A
7,94411057,G,C
7,94410439,G,A
15,48446711,C,G
7,94409332,G,A
17,50195451,C,T
17,50188113,C,T
7,94412638,G,C
17,50195311,C,T
17,50198002,C,G
17,50195611,C,G
X,18642080,C,A
17,50198001,C,T
7,94427009,G,T
2,227246712,G,A
15,48415567,A,T
17,50191426,C,G
2,227094142,C,T
7,94424408,G,A
17,50190334,C,T
9,2719087,T,G
15,48422035,C,G
7,94417797,G,A
7,94413102,G,T
7,94417742,G,T
2,227256343,G,A
17,50195958,C,G
6,131851240,T,C
17,50197196,C,A
7,94425822,G,T
X,46853786,A,G
15,48432917,A,T
X,68838678,T,C
17,50191463,C,G
15,48444586,A,T
7,94424426,G,C
20,3083037,C,G
15,48463108,C,A
15,48425783,C,A
17,50198168,C,A
17,42543089,G,T
15,48470640,A,T
17,50198169,C,A
16,86510815,C,A
17,50197054,C,T
15,48428422,G,C
7,94413129,G,T
X,134475254,G,A
15,48456681,C,A
17,72121714,C,T
2,227297728,G,T
13,113147496,G,C
X,18642090,G,C
15,48510122,A,C
15,48474261,A,C
15,48421997,A,T
7,94427637,G,A
15,48496177,C,A
13,113149014,G,A
15,48483896,A,G
15,48421997,A,G
15,48474365,C,T
15,48445493,A,G
15,48492538,C,G
15,48492553,C,T
15,48513593,C,T
15,48488446,A,C
15,48496212,A,C
15,48474345,A,C
15,48446780,C,G
20,3083013,C,A
15,48427678,A,G
15,48465619,A,C
15,48474345,A,G
15,48497271,C,T
15,48428390,C,A
20,3083123,C,T
15,48470685,A,G
7,94420622,G,T
20,3083139,C,T
15,48474618,A,G
15,48474300,A,G
14,91873564,C,T
15,40407750,G,A
15,84827579,A,G
15,84840349,C,T
16,722941,C,T
19,11090613,G,T
4,87615990,G,A
4,87616018,A,G
4,113145951,C,T
4,113145983,G,A
4,113145989,G,A
9,133071282,C,A
9,133071303,G,A
9,133071306,C,G
9,133071630,G,C
X,24539148,C,T
7,75979475,G,A
